round,train error,test error
1,0.117502,0.294453
2,0.101275,0.254819
3,0.073782,0.234934
4,0.060009,0.224812
5,0.051251,0.234934
6,0.041219,0.229812
7,0.036227,0.219812
8,0.034969,0.219812
9,0.024969,0.224812
10,0.026211,0.209812
11,0.019969,0.209934
12,0.013719,0.209684
13,0.012477,0.194806
14,0.009984,0.199806
15,0.009984,0.194806
16,0.007484,0.204806
17,0.003742,0.199806
18,0.002492,0.199806
19,0.002492,0.204806
20,0.000000,0.209684
