fold,public,private
5,0.86792,0.90909
6,0.84905,0.81818
7,0.83018,0.77272
8,0.83018,0.77272
9,0.67924,0.72727
10,0.75471,0.77272
